<?xml version="1.0" encoding="UTF-8"?>
<project-private xmlns="http://www.netbeans.org/ns/project-private/1">
    <editor-bookmarks xmlns="http://www.netbeans.org/ns/editor-bookmarks/2" lastBookmarkId="0"/>
    <open-files xmlns="http://www.netbeans.org/ns/projectui-open-files/2">
        <group>
            <file>file:/C:/Users/Kalyani/OneDrive/Documents/NetBeansProjects/DiaryApp/src/editdeletepage.java</file>
            <file>file:/C:/Users/Kalyani/OneDrive/Documents/NetBeansProjects/DiaryApp/src/register.java</file>
            <file>file:/C:/Users/Kalyani/OneDrive/Documents/NetBeansProjects/DiaryApp/src/LoginPage.java</file>
            <file>file:/C:/Users/Kalyani/OneDrive/Documents/NetBeansProjects/DiaryApp/src/viewpage.java</file>
            <file>file:/C:/Users/Kalyani/OneDrive/Documents/NetBeansProjects/DiaryApp/src/mainframe.java</file>
            <file>file:/C:/Users/Kalyani/OneDrive/Documents/NetBeansProjects/DiaryApp/src/create.java</file>
            <file>file:/C:/Users/Kalyani/OneDrive/Documents/NetBeansProjects/DiaryApp/src/editpage.java</file>
            <file>file:/C:/Users/Kalyani/OneDrive/Documents/NetBeansProjects/DiaryApp/src/diaryapp/DiaryApp.java</file>
            <file>file:/C:/Users/Kalyani/OneDrive/Documents/NetBeansProjects/DiaryApp/src/Welomepage.java</file>
            <file>file:/C:/Users/Kalyani/OneDrive/Documents/NetBeansProjects/DiaryApp/src/viewdescription.java</file>
        </group>
    </open-files>
</project-private>
